tensor,attention,story_id,token_id
2048,0.04324781894683838,0,0
3337,0.04526866227388382,0,1
2020,0.042900875210762024,0,2
5338,0.041918519884347916,0,3
2007,0.04100480303168297,0,4
4288,0.040790658444166183,0,5
1037,0.04233251139521599,0,6
10506,0.043062224984169006,0,7
4048,0.042607661336660385,0,8
3726,0.04190657287836075,0,9
1012,0.04060686007142067,0,10
2027,0.04195239022374153,0,11
2730,0.04198739677667618,0,12
2031,0.04140686243772507,0,13
1996,0.04210967943072319,0,14
13734,0.04430956766009331,0,15
1012,0.043608613312244415,0,16
2027,0.047892745584249496,0,17
2024,0.04561945050954819,0,18
5307,0.0460931621491909,0,19
7173,0.04666139930486679,0,20
2051,0.04648187384009361,0,21
1012,0.046229779720306396,0,22
2006,0.005843349266797304,1,0
2257,0.005973458290100098,1,1
2382,0.005503538995981216,1,2
1010,0.005138833075761795,1,3
2760,0.005178583785891533,1,4
1010,0.004831342492252588,1,5
2382,0.004973112139850855,1,6
1010,0.004720716737210751,1,7
2199,0.004747316241264343,1,8
2111,0.004680394195020199,1,9
1999,0.00488807400688529,1,10
3577,0.00505041191354394,1,11
2363,0.004651686176657677,1,12
1037,0.004684953484684229,1,13
9861,0.005132907535880804,1,14
10373,0.004694156814366579,1,15
2008,0.004599317908287048,1,16
5496,0.004511570557951927,1,17
2068,0.0045064701698720455,1,18
1997,0.004492535721510649,1,19
17800,0.004776110872626305,1,20
20083,0.004921414889395237,1,21
26932,0.005418083630502224,1,22
4180,0.005738361272960901,1,23
1998,0.005823731888085604,1,24
5561,0.005493768025189638,1,25
2000,0.004854140803217888,1,26
2202,0.004731274209916592,1,27
3423,0.0045492155477404594,1,28
2895,0.004381741862744093,1,29
1998,0.0042349849827587605,1,30
9790,0.004382115788757801,1,31
2065,0.004570729564875364,1,32
1037,0.004594465717673302,1,33
2986,0.004460548050701618,1,34
1997,0.004564345348626375,1,35
1002,0.004740627482533455,1,36
2340,0.005357101559638977,1,37
1010,0.005090376827865839,1,38
3156,0.005341150797903538,1,39
2001,0.005443871021270752,1,40
2025,0.005462253000587225,1,41
3825,0.0050898101180791855,1,42
2041,0.004969187546521425,1,43
2011,0.004693741910159588,1,44
1996,0.004825423937290907,1,45
7799,0.004923008382320404,1,46
1012,0.005430193617939949,1,47
1996,0.005582054611295462,1,48
10373,0.005459806881844997,1,49
4769,0.005376269109547138,1,50
1997,0.00539880758151412,1,51
1996,0.005179242696613073,1,52
4604,0.005271512549370527,1,53
2121,0.0051271142438054085,1,54
2001,0.005309129599481821,1,55
8275,0.0056525226682424545,1,56
2094,0.00549533125013113,1,57
2000,0.005582915153354406,1,58
3711,0.005644161254167557,1,59
2000,0.0055192019790410995,1,60
2022,0.005393138621002436,1,61
2008,0.005499124992638826,1,62
1997,0.004962273873388767,1,63
1037,0.00487382709980011,1,64
11476,0.004697672091424465,1,65
2375,0.004801149480044842,1,66
3813,0.004962599370628595,1,67
1999,0.0047336178831756115,1,68
3577,0.004682885482907295,1,69
1010,0.004971279762685299,1,70
2040,0.004688537213951349,1,71
2031,0.004453243222087622,1,72
2270,0.004537344444543123,1,73
3973,0.004510026425123215,1,74
3555,0.004787189420312643,1,75
1996,0.004992379806935787,1,76
10373,0.004964983556419611,1,77
2000,0.00501472782343626,1,78
2022,0.004933999385684729,1,79
1037,0.0047696372494101524,1,80
28520,0.004585398826748133,1,81
1012,0.005228234920650721,1,82
2004,0.0048834178596735,1,83
1997,0.00488972757011652,1,84
7316,0.004861393012106419,1,85
1010,0.004727569408714771,1,86
2058,0.004531647078692913,1,87
1002,0.0043373918160796165,1,88
2459,0.004471211228519678,1,89
2454,0.004406030755490065,1,90
1997,0.004420665558427572,1,91
1000,0.004418236203491688,1,92
21892,0.004208656027913094,1,93
1000,0.0042620375752449036,1,94
2020,0.0041861929930746555,1,95
3825,0.004298687446862459,1,96
2041,0.004418575204908848,1,97
2011,0.00415031798183918,1,98
15991,0.004320375621318817,1,99
1997,0.004359610378742218,1,100
1996,0.004313878249377012,1,101
8275,0.004338756203651428,1,102
10373,0.0044458420015871525,1,103
1012,0.004938872996717691,1,104
3728,0.004834397695958614,1,105
1010,0.004835191648453474,1,106
1037,0.004903613589704037,1,107
2158,0.004767244216054678,1,108
1998,0.0051285699009895325,1,109
1037,0.005211689975112677,1,110
2450,0.005136367864906788,1,111
2020,0.005128852557390928,1,112
3236,0.005219487007707357,1,113
1998,0.005194077268242836,1,114
4727,0.005419445689767599,1,115
2005,0.005056318826973438,1,116
6016,0.005008012056350708,1,117
2122,0.005073748528957367,1,118
8275,0.0050861588679254055,1,119
22028,0.0052345385774970055,1,120
2125,0.005447995383292437,1,121
1996,0.005353663116693497,1,122
3978,0.005562820937484503,1,123
1997,0.005616465117782354,1,124
3036,0.00564032606780529,1,125
4950,0.005970641504973173,1,126
8333,0.006038678344339132,1,127
1997,0.005749681498855352,1,128
1996,0.0056383186019957066,1,129
2048,0.005599169060587883,1,130
6016,0.005388332065194845,1,131
1996,0.005629443563520908,1,132
22028,0.005723129492253065,1,133
1999,0.006128187756985426,1,134
1037,0.00606068829074502,1,135
7668,0.006603599525988102,1,136
1012,0.007627425715327263,1,137
2174,0.0075978501699864864,1,138
1010,0.0075766281224787235,1,139
2045,0.007599459495395422,1,140
2038,0.007571556605398655,1,141
2042,0.007577079813927412,1,142
3522,0.007568845059722662,1,143
7593,0.007370382081717253,1,144
1998,0.007466999348253012,1,145
6704,0.006982120219618082,1,146
2058,0.007171060889959335,1,147
1996,0.007314125541597605,1,148
8192,0.007280710153281689,1,149
1997,0.007434298750013113,1,150
1996,0.007371676620095968,1,151
4950,0.0073112850077450275,1,152
8333,0.007295639254152775,1,153
2004,0.00747329369187355,1,154
3350,0.007397905457764864,1,155
1010,0.007244305219501257,1,156
2445,0.007706462871283293,1,157
2008,0.007645611185580492,1,158
1996,0.00758406613022089,1,159
3737,0.0075483163818717,1,160
1997,0.007799940649420023,1,161
1996,0.007974621839821339,1,162
8333,0.007767299190163612,1,163
2003,0.007812993600964546,1,164
3532,0.007945754565298557,1,165
1998,0.00798390805721283,1,166
2009,0.008046694099903107,1,167
2003,0.007823031395673752,1,168
2025,0.007729430682957172,1,169
3294,0.0074545275419950485,1,170
3154,0.007180610205978155,1,171
2040,0.006781082134693861,1,172
1996,0.006545890122652054,1,173
2111,0.0061065033078193665,1,174
1999,0.006164854392409325,1,175
1996,0.006121194455772638,1,176
3405,0.005896512884646654,1,177
2024,0.005826424807310104,1,178
1012,0.005437720566987991,1,179
2934,0.0369064137339592,2,0
2003,0.03655708581209183,2,1
3497,0.03666456416249275,2,2
2000,0.03745703026652336,2,3
4558,0.04023761674761772,2,4
7470,0.038117386400699615,2,5
1998,0.03557373210787773,2,6
2131,0.03589051961898804,2,7
5338,0.03638981655240059,2,8
2005,0.03521256893873215,2,9
16011,0.03529953584074974,2,10
1012,0.03495301678776741,2,11
1032,0.035206932574510574,2,12
1050,0.036167390644550323,2,13
14526,0.03553479164838791,2,14
2308,0.03466185927391052,2,15
2031,0.03225090354681015,2,16
2272,0.03236788511276245,2,17
2830,0.03490562364459038,2,18
2000,0.03749120980501175,2,19
19919,0.03673760965466499,2,20
1997,0.037072598934173584,2,21
12581,0.03500881418585777,2,22
15884,0.034600649029016495,2,23
5248,0.03447539359331131,2,24
1998,0.034787457436323166,2,25
16011,0.034154150635004044,2,26
1012,0.03531739488244057,2,27
2019,0.01441565528512001,3,0
4111,0.0145903080701828,3,1
11626,0.014387623406946659,3,2
3614,0.01455976814031601,3,3
2001,0.01431465707719326,3,4
3030,0.014499296434223652,3,5
1999,0.014169964008033276,3,6
6239,0.013885009102523327,3,7
2044,0.014318385161459446,3,8
1037,0.014525558799505234,3,9
9410,0.014630351215600967,3,10
6636,0.01452721655368805,3,11
4638,0.014571606181561947,3,12
1012,0.015042760409414768,3,13
2027,0.014734948985278606,3,14
2179,0.015116911381483078,3,15
12564,0.015334602445363998,3,16
5055,0.01568562351167202,3,17
11812,0.015660550445318222,3,18
1999,0.015586687251925468,3,19
12475,0.015321038663387299,3,20
12432,0.015380993485450745,3,21
1012,0.01578688435256481,3,22
2122,0.015666404739022255,3,23
5055,0.015609005466103554,3,24
2052,0.016002455726265907,3,25
2031,0.015479907393455505,3,26
2042,0.015655985102057457,3,27
2853,0.015344287268817425,3,28
1999,0.015827756375074387,3,29
1996,0.015400909818708897,3,30
2149,0.015668174251914024,3,31
2005,0.015659814700484276,3,32
11372,0.014736739918589592,3,33
2039,0.01475609466433525,3,34
2000,0.01506330631673336,3,35
1002,0.015102891251444817,3,36
5539,0.015541484579443932,3,37
1010,0.015581190586090088,3,38
2199,0.0157804936170578,3,39
1012,0.016857462003827095,3,40
2065,0.017450008541345596,3,41
1996,0.018006879836320877,3,42
20673,0.01748606003820896,3,43
25555,0.017279906198382378,3,44
2024,0.017487242817878723,3,45
2179,0.01691565290093422,3,46
5905,0.01629776507616043,3,47
1010,0.01547183096408844,3,48
2027,0.01589031331241131,3,49
2097,0.014852218329906464,3,50
2031,0.015326040796935558,3,51
2000,0.015916164964437485,3,52
3710,0.016117142513394356,3,53
2051,0.01581806130707264,3,54
1998,0.014893850311636925,3,55
3477,0.014399003237485886,3,56
21892,0.014074360020458698,3,57
2039,0.013952033594250679,3,58
2000,0.014562003314495087,3,59
1002,0.015066191554069519,3,60
5385,0.015755625441670418,3,61
2692,0.015114141628146172,3,62
2169,0.015053929761052132,3,63
1012,0.016032738611102104,3,64
2048,0.03609871119260788,4,0
9454,0.03809715434908867,4,1
3337,0.03735203295946121,4,2
2020,0.036521065980196,4,3
4727,0.03632280230522156,4,4
2005,0.03385911136865616,4,5
3158,0.03626994788646698,4,6
9305,0.037641990929841995,4,7
9355,0.037203349173069,4,8
1037,0.036169882863759995,4,9
3232,0.03784307464957237,4,10
1005,0.03656080365180969,4,11
1055,0.036696791648864746,4,12
10506,0.036958858370780945,4,13
4048,0.03705644980072975,4,14
3726,0.03616181015968323,4,15
1012,0.03478175401687622,4,16
1996,0.03494807332754135,4,17
4053,0.0354209765791893,4,18
4504,0.033652521669864655,4,19
1999,0.034131135791540146,4,20
1996,0.033289916813373566,4,21
2331,0.033632535487413406,4,22
1997,0.03421083092689514,4,23
8817,0.03374730795621872,4,24
1997,0.03466692939400673,4,25
13734,0.035585734993219376,4,26
1012,0.03511841967701912,4,27
1037,0.019066881388425827,5,0
2158,0.02176865190267563,5,1
1998,0.021908065304160118,5,2
2450,0.021024860441684723,5,3
2024,0.02014426700770855,5,4
6878,0.01988513022661209,5,5
2000,0.019802486523985863,5,6
2022,0.01972775347530842,5,7
2920,0.02019421011209488,5,8
1999,0.019459232687950134,5,9
1037,0.019390614703297615,5,10
4126,0.018960537388920784,5,11
1010,0.018169596791267395,5,12
2164,0.01857261173427105,5,13
27105,0.018845900893211365,5,14
2986,0.019162479788064957,5,15
8236,0.019170470535755157,5,16
1010,0.01800106093287468,5,17
2029,0.01855538785457611,5,18
2020,0.017945952713489532,5,19
2741,0.018750319257378578,5,20
2000,0.01982766017317772,5,21
2536,0.02050965651869774,5,22
2111,0.020258978009223938,5,23
1010,0.01895863562822342,5,24
4786,0.0198195930570364,5,25
2068,0.020441517233848572,5,26
2000,0.019689541310071945,5,27
29116,0.019974099472165108,5,28
3477,0.01950373314321041,5,29
2312,0.019670799374580383,5,30
20571,0.019552582874894142,5,31
1997,0.019338499754667282,5,32
2769,0.020047346130013466,5,33
1012,0.02270910143852234,5,34
2174,0.023967785760760307,5,35
1010,0.024305252358317375,5,36
2045,0.02495763823390007,5,37
2003,0.024796487763524055,5,38
2025,0.02466437593102455,5,39
12825,0.02460196055471897,5,40
7182,0.02474338188767433,5,41
3350,0.024480849504470825,5,42
2000,0.024617351591587067,5,43
12210,0.02411896176636219,5,44
2037,0.02240457944571972,5,45
8056,0.021730167791247368,5,46
1012,0.02180292457342148,5,47
1037,0.02074672095477581,6,0
23700,0.023656267672777176,6,1
2934,0.022804345935583115,6,2
2038,0.021445496007800102,6,3
2042,0.022000901401042938,6,4
5496,0.021137768402695656,6,5
1997,0.02228795364499092,6,6
4424,0.023311277851462364,6,7
23337,0.023176534101366997,6,8
1012,0.02566402591764927,6,9
2130,0.026479706168174744,6,10
2295,0.025716524571180344,6,11
2195,0.025460952892899513,6,12
2308,0.02491510473191738,6,13
2031,0.023822400718927383,6,14
2056,0.022917859256267548,6,15
2008,0.023754794150590897,6,16
2002,0.024112312123179436,6,17
2038,0.023521486669778824,6,18
7034,0.02350008301436901,6,19
15884,0.024285782128572464,6,20
2135,0.02409307099878788,6,21
2006,0.023775843903422356,6,22
2037,0.025039948523044586,6,23
4230,0.02631598897278309,6,24
1010,0.027976078912615776,6,25
2019,0.02716178074479103,6,26
2981,0.026010356843471527,6,27
2375,0.02743169479072094,6,28
3813,0.027671843767166138,6,29
2038,0.027604827657341957,6,30
5531,0.028341244906187057,6,31
2008,0.03033752180635929,6,32
1996,0.031421054154634476,6,33
13519,0.031281840056180954,6,34
2024,0.03145439922809601,6,35
2205,0.031012672930955887,6,36
13727,0.03070272132754326,6,37
1012,0.02764878049492836,6,38
1999,0.03864065185189247,7,0
2285,0.041340649127960205,7,1
1010,0.041510067880153656,7,2
2048,0.042391370981931686,7,3
2111,0.03923748806118965,7,4
2179,0.03881927579641342,7,5
2037,0.03718620911240578,7,6
10506,0.03724771738052368,7,7
4048,0.03778474032878876,7,8
6961,0.03689877688884735,7,9
3908,0.03586791455745697,7,10
1012,0.036870501935482025,7,11
1996,0.04128549247980118,7,12
6884,0.043766070157289505,7,13
13172,0.04210392385721207,7,14
2020,0.041681546717882156,7,15
18464,0.04316986724734306,7,16
1998,0.041944485157728195,7,17
2020,0.040834251791238785,7,18
5338,0.039974380284547806,7,19
2007,0.0388287790119648,7,20
6215,0.039496518671512604,7,21
1997,0.040700335055589676,7,22
3200,0.04082093387842178,7,23
1012,0.04159795865416527,7,24
2111,0.033106401562690735,8,0
2020,0.03344190493226051,8,1
4527,0.03374246880412102,8,2
2043,0.034653887152671814,8,3
1037,0.03399132192134857,8,4
2934,0.03461303189396858,8,5
2001,0.032269079238176346,8,6
2179,0.03114938735961914,8,7
5905,0.030675631016492844,8,8
1997,0.031167082488536835,8,9
12581,0.03338710591197014,8,10
6101,0.03424721956253052,8,11
2075,0.03469255194067955,8,12
3674,0.03542298078536987,8,13
2308,0.03577519208192825,8,14
1010,0.03431418165564537,8,15
2027,0.03224705904722214,8,16
2020,0.03144979476928711,8,17
4527,0.031594276428222656,8,18
2008,0.03367619216442108,8,19
2002,0.03404124453663826,8,20
2052,0.03408170863986015,8,21
2001,0.03336283564567566,8,22
2179,0.033983901143074036,8,23
5905,0.03299960866570473,8,24
2138,0.03309231251478195,8,25
2002,0.0336836539208889,8,26
2018,0.03287181258201599,8,27
7470,0.03342881053686142,8,28
1012,0.03283732011914253,8,29
2198,0.022741245105862617,9,0
3044,0.02391168475151062,9,1
1010,0.024400578811764717,9,2
1037,0.024944350123405457,9,3
23700,0.025119822472333908,9,4
2934,0.02430128864943981,9,5
1010,0.023075971752405167,9,6
2003,0.023444341495633125,9,7
5307,0.023310402408242226,9,8
9989,0.023971011862158775,9,9
1997,0.023549117147922516,9,10
4424,0.023997608572244644,9,11
23337,0.02326030284166336,9,12
2013,0.022920137271285057,9,13
2340,0.023497557267546654,9,14
2493,0.02277274616062641,9,15
1012,0.022664450109004974,9,16
3044,0.022928748279809952,9,17
2001,0.02333894558250904,9,18
5496,0.023845599964261055,9,19
1997,0.024180442094802856,9,20
2383,0.02482100948691368,9,21
15287,0.025063324719667435,9,22
2980,0.025423431769013405,9,23
14366,0.025370880961418152,9,24
4243,0.02487899921834469,9,25
2007,0.0244197566062212,9,26
2931,0.02384096570312977,9,27
2493,0.023455336689949036,9,28
1012,0.02331341803073883,9,29
3044,0.02368134632706642,9,30
2089,0.023196613416075706,9,31
2022,0.023383324965834618,9,32
3718,0.023550506681203842,9,33
2013,0.023933170363307,9,34
2010,0.023872897028923035,9,35
2783,0.023929398506879807,9,36
2597,0.02254132367670536,9,37
14223,0.022917287424206734,9,38
2019,0.02328607439994812,9,39
4812,0.023749666288495064,9,40
1012,0.025194963440299034,9,41
2610,0.01441559661179781,10,0
1999,0.01412471104413271,10,1
6239,0.013728680089116096,10,2
1010,0.013480741530656815,10,3
2043,0.013778841122984886,10,4
4755,0.012850175611674786,10,5
2041,0.012692994438111782,10,6
1037,0.01275591365993023,10,7
9410,0.012915298342704773,10,8
6636,0.012941504828631878,10,9
4638,0.012955757789313793,10,10
1010,0.012969860807061195,10,11
2179,0.013022356666624546,10,12
2195,0.013043883256614208,10,13
12564,0.013493127189576626,10,14
5055,0.013860523700714111,10,15
11812,0.013819478452205658,10,16
2046,0.013589360751211643,10,17
12475,0.013729630969464779,10,18
12432,0.014250915497541428,10,19
2008,0.014726766385138035,10,20
2020,0.013849731534719467,10,21
2701,0.013723446056246758,10,22
2012,0.013547228649258614,10,23
2169,0.013831851072609425,10,24
2203,0.014351804740726948,10,25
1012,0.013951378874480724,10,26
2027,0.014198440127074718,10,27
6878,0.014329323545098305,10,28
1037,0.014020891860127449,10,29
2177,0.013767331838607788,10,30
1997,0.013375244103372097,10,31
6870,0.013262071646749973,10,32
4026,0.013856926001608372,10,33
11451,0.014394428580999374,10,34
1012,0.013948170468211174,10,35
1996,0.01717529632151127,10,36
10896,0.01763097010552883,10,37
1997,0.018090398982167244,10,38
1996,0.01892930641770363,10,39
13172,0.01871044747531414,10,40
2003,0.019764751195907593,10,41
20316,0.019952308386564255,10,42
1010,0.019403837621212006,10,43
1998,0.01903221197426319,10,44
2195,0.018223492428660393,10,45
2111,0.016805492341518402,10,46
1005,0.016980819404125214,10,47
1055,0.016855066642165184,10,48
10896,0.016807569190859795,10,49
7127,0.0176186952739954,10,50
2037,0.0159465204924345,10,51
8056,0.015131045132875443,10,52
1012,0.014894107356667519,10,53
2027,0.013378162868320942,10,54
2227,0.012972954660654068,10,55
1037,0.013188019394874573,10,56
2986,0.013612443581223488,10,57
1997,0.013256511650979519,10,58
1002,0.012951965443789959,10,59
5385,0.013446342200040817,10,60
2692,0.0133825009688735,10,61
1998,0.013846416026353836,10,62
2195,0.014132244512438774,10,63
2086,0.013963649980723858,10,64
1999,0.013875710777938366,10,65
3827,0.01351797766983509,10,66
1012,0.014968439005315304,10,67
4283,0.008111482486128807,11,0
2000,0.00876946747303009,11,1
1037,0.008850920014083385,11,2
9410,0.008861360140144825,11,3
6636,0.008862854912877083,11,4
4638,0.008915438316762447,11,5
1010,0.008774291723966599,11,6
9003,0.008456317707896233,11,7
2610,0.008552669547498226,11,8
2031,0.00858521368354559,11,9
3030,0.00856026355177164,11,10
2019,0.008156834170222282,11,11
3535,0.00769042270258069,11,12
2012,0.007377630565315485,11,13
19535,0.007418483961373568,11,14
5018,0.007319450378417969,11,15
12564,0.00808081217110157,11,16
5055,0.008563087321817875,11,17
2046,0.008610701188445091,11,18
1996,0.008719836361706257,11,19
2406,0.008662623353302479,11,20
1012,0.010127739980816841,11,21
1996,0.009052020497620106,11,22
5055,0.008998106233775616,11,23
2020,0.009101582691073418,11,24
11812,0.00929926335811615,11,25
1999,0.009409403428435326,11,26
1037,0.009210322052240372,11,27
8667,0.009303925558924675,11,28
10203,0.00972049217671156,11,29
2007,0.009746352210640907,11,30
7318,0.009748709388077259,11,31
2012,0.009791528806090355,11,32
2169,0.009617120958864689,11,33
2203,0.009608141146600246,11,34
1010,0.011011137627065182,11,35
1998,0.011026480235159397,11,36
1996,0.009751789271831512,11,37
22613,0.00981887150555849,11,38
2052,0.010245506651699543,11,39
1005,0.010888075456023216,11,40
2310,0.010424471460282803,11,41
2042,0.00996236689388752,11,42
4276,0.009920035488903522,11,43
2055,0.010221836157143116,11,44
1002,0.009918051771819592,11,45
5539,0.00977129302918911,11,46
1010,0.00985423382371664,11,47
2199,0.010164645500481129,11,48
1012,0.011804395355284214,11,49
1996,0.011522870510816574,11,50
2176,0.011092194356024265,11,51
2273,0.010419894941151142,11,52
2747,0.010533025488257408,11,53
5338,0.010787900537252426,11,54
2007,0.010344201698899269,11,55
1996,0.010407687164843082,11,56
19535,0.010511091910302639,11,57
3535,0.010284382849931717,11,58
2227,0.01023027952760458,11,59
1021,0.01049804873764515,11,60
2086,0.010591765865683556,11,61
1999,0.010562722571194172,11,62
3827,0.010514158755540848,11,63
1998,0.01037715096026659,11,64
2019,0.010392537340521812,11,65
1002,0.010165597312152386,11,66
1022,0.01041053980588913,11,67
1010,0.010785490274429321,11,68
2199,0.010903490707278252,11,69
2986,0.01110659260302782,11,70
1012,0.012006228789687157,11,71
2174,0.012363770045340061,11,72
1010,0.012511393055319786,11,73
2169,0.012801805511116982,11,74
2158,0.012476872652769089,11,75
2038,0.012529402039945126,11,76
2019,0.013001279905438423,11,77
4862,0.012814400717616081,11,78
5638,0.013005489483475685,11,79
1010,0.012766659259796143,11,80
1998,0.012673011980950832,11,81
2009,0.012390779331326485,11,82
2003,0.01218262780457735,11,83
9832,0.012121341191232204,11,84
2008,0.011820385232567787,11,85
2027,0.01188681274652481,11,86
2018,0.011737015098333359,11,87
2505,0.011863539926707745,11,88
2000,0.012108089402318,11,89
2079,0.011997494846582413,11,90
2007,0.011636443436145782,11,91
1996,0.011670567095279694,11,92
27023,0.011569349095225334,11,93
19535,0.011095529422163963,11,94
3535,0.010661655105650425,11,95
1012,0.010448643006384373,11,96
1037,0.018202494829893112,12,0
23700,0.020677389577031136,12,1
2934,0.020001014694571495,12,2
2003,0.019631600007414818,12,3
1996,0.019437475129961967,12,4
3395,0.01848088763654232,12,5
1997,0.018645288422703743,12,6
6704,0.017592476680874825,12,7
2004,0.018880240619182587,12,8
2116,0.02006075531244278,12,9
2308,0.0197208970785141,12,10
2031,0.018740473315119743,12,11
2272,0.018395358696579933,12,12
2041,0.018061403185129166,12,13
2114,0.018868202343583107,12,14
2032,0.019568100571632385,12,15
2007,0.02049994096159935,12,16
9989,0.019701704382896423,12,17
1997,0.020308876410126686,12,18
4424,0.02036900259554386,12,19
6101,0.020268967375159264,12,20
1012,0.022230535745620728,12,21
2130,0.022594710811972618,12,22
2295,0.022243203595280647,12,23
1996,0.0221918523311615,12,24
2308,0.021062808111310005,12,25
2031,0.019824812188744545,12,26
2056,0.019978277385234833,12,27
2002,0.020696451887488365,12,28
1005,0.020559612661600113,12,29
1055,0.0200642142444849,12,30
7034,0.02026365138590336,12,31
2006,0.02118307165801525,12,32
2037,0.02071426622569561,12,33
4230,0.021911654621362686,12,34
1010,0.02228694036602974,12,35
2019,0.021890323609113693,12,36
2981,0.021222461014986038,12,37
2375,0.022452080622315407,12,38
3813,0.022669080644845963,12,39
2038,0.022226482629776,12,40
5531,0.022900160402059555,12,41
2008,0.02400752156972885,12,42
1996,0.02379264496266842,12,43
4447,0.02358516864478588,12,44
2024,0.024526597931981087,12,45
2205,0.02366156503558159,12,46
20080,0.023147383704781532,12,47
2045,0.035020485520362854,13,0
2020,0.03360717371106148,13,1
5018,0.03373626247048378,13,2
20673,0.033272698521614075,13,3
11533,0.034431811422109604,13,4
5055,0.034876782447099686,13,5
2008,0.03478466719388962,13,6
2020,0.03421506658196449,13,7
2179,0.03565283864736557,13,8
2011,0.036839161068201065,13,9
2610,0.036077387630939484,13,10
1010,0.035501644015312195,13,11
1998,0.03533649444580078,13,12
2027,0.0354175940155983,13,13
4727,0.036003466695547104,13,14
1018,0.035654254257678986,13,15
3633,0.035202618688344955,13,16
2040,0.036155324429273605,13,17
2020,0.03687715902924538,13,18
1996,0.03806446120142937,13,19
3924,0.03827961906790733,13,20
2667,0.03795081749558449,13,21
2000,0.037252314388751984,13,22
3288,0.035928789526224136,13,23
2068,0.03515919670462608,13,24
2000,0.036067429929971695,13,25
2637,0.03606246039271355,13,26
1012,0.036572087556123734,13,27
2610,0.014978288672864437,14,0
2179,0.015485060401260853,14,1
1037,0.01502054650336504,14,2
19311,0.014535708352923393,14,3
1997,0.014223829843103886,14,4
12564,0.014297823421657085,14,5
5055,0.014960347674787045,14,6
2108,0.01502169668674469,14,7
9687,0.015008333139121532,14,8
17800,0.01565258949995041,14,9
1012,0.017203016206622124,14,10
2348,0.01965801976621151,14,11
1996,0.02020087093114853,14,12
2610,0.021407969295978546,14,13
13172,0.021050427109003067,14,14
1037,0.020489493384957314,14,15
3563,0.019977636635303497,14,16
4735,0.01883085072040558,14,17
3614,0.018791258335113525,14,18
1997,0.01912078820168972,14,19
16873,0.01827094331383705,14,20
1996,0.01782192662358284,14,21
4126,0.01776706427335739,14,22
1010,0.0191018246114254,14,23
2045,0.019181005656719208,14,24
2024,0.019401494413614273,14,25
3809,0.02017877995967865,14,26
4297,0.020148346200585365,14,27
5644,0.01982818730175495,14,28
27870,0.01912130042910576,14,29
14767,0.01987297460436821,14,30
1999,0.019916780292987823,14,31
1996,0.01942269876599312,14,32
3441,0.01937350071966648,14,33
1997,0.019519157707691193,14,34
3239,0.019369930028915405,14,35
9390,0.01897633634507656,14,36
1998,0.018901299685239792,14,37
3614,0.01885036565363407,14,38
2372,0.018286462873220444,14,39
1011,0.016768217086791992,14,40
2061,0.01656416989862919,14,41
2172,0.01689212955534458,14,42
2061,0.018134402111172676,14,43
2008,0.01849384419620037,14,44
1996,0.019050389528274536,14,45
3614,0.02003100886940956,14,46
3003,0.018408101052045822,14,47
2097,0.018376663327217102,14,48
2087,0.017880819737911224,14,49
3497,0.018764296546578407,14,50
2025,0.019153619185090065,14,51
2022,0.018351973965764046,14,52
3236,0.017433974891901016,14,53
1012,0.016471298411488533,14,54
2176,0.025811921805143356,15,0
2111,0.027155647054314613,15,1
2020,0.026883242651820183,15,2
4727,0.02676188014447689,15,3
2005,0.02652362920343876,15,4
19535,0.027526315301656723,15,5
1037,0.027469882741570473,15,6
4744,0.02762727066874504,15,7
2440,0.0284255500882864,15,8
1997,0.02896241843700409,15,9
5055,0.028604885563254356,15,10
1010,0.02843177132308483,15,11
3832,0.029845522716641426,15,12
2000,0.029851190745830536,15,13
2022,0.029478879645466805,15,14
2853,0.02885625511407852,15,15
2004,0.029045231640338898,15,16
18551,0.02863624505698681,15,17
2005,0.026733677834272385,15,18
1002,0.02658018283545971,15,19
6694,0.027577456086874008,15,20
2692,0.02718464471399784,15,21
1999,0.027995074167847633,15,22
1996,0.028307927772402763,15,23
2149,0.028067318722605705,15,24
1012,0.02845258265733719,15,25
2027,0.029525062069296837,15,26
2227,0.030065497383475304,15,27
2039,0.03133561834692955,15,28
2000,0.031200777739286423,15,29
1022,0.030200161039829254,15,30
2086,0.03082909993827343,15,31
1999,0.030462129041552544,15,32
3827,0.029627976939082146,15,33
1012,0.029957104474306107,15,34
1999,0.014525440521538258,16,0
2257,0.016523903235793114,16,1
2760,0.01617962308228016,16,2
1037,0.015827635303139687,16,3
2158,0.015408391132950783,16,4
1998,0.015131684951484203,16,5
1037,0.01563745178282261,16,6
2450,0.015097580850124359,16,7
1999,0.01571481302380562,16,8
2037,0.01489050593227148,16,9
2753,0.015217662788927555,16,10
2015,0.015197161585092545,16,11
2020,0.014695404097437859,16,12
2179,0.014487438835203648,16,13
1999,0.013777610845863819,16,14
1037,0.013241776265203953,16,15
7668,0.013373804278671741,16,16
8040,0.013811994343996048,16,17
3286,0.0141038428992033,16,18
6562,0.013899578712880611,16,19
2111,0.01351290661841631,16,20
2007,0.013637209311127663,16,21
2019,0.013140087015926838,16,22
10373,0.013336609117686749,16,23
3395,0.013635807670652866,16,24
17653,0.013919731602072716,16,25
2008,0.013349069282412529,16,26
3881,0.012410548515617847,16,27
2111,0.012801092118024826,16,28
1999,0.013607569970190525,16,29
1012,0.016485221683979034,16,30
4332,0.01674436591565609,16,31
2041,0.015638573095202446,16,32
2027,0.01333662960678339,16,33
2020,0.012631077319383621,16,34
20083,0.012828066945075989,16,35
26932,0.01338113658130169,16,36
3430,0.013833210803568363,16,37
1012,0.014467146247625351,16,38
2027,0.013728986494243145,16,39
2071,0.013147596269845963,16,40
2175,0.013189182616770267,16,41
2000,0.013763250783085823,16,42
7173,0.014639392495155334,16,43
2005,0.014742285013198853,16,44
1037,0.015719128772616386,16,45
2146,0.01695939153432846,16,46
2051,0.017339814454317093,16,47
1010,0.01909005641937256,16,48
2021,0.020244156941771507,16,49
2009,0.02057943120598793,16,50
1005,0.020610269159078598,16,51
1055,0.020704664289951324,16,52
9832,0.020247304812073708,16,53
2138,0.019859591498970985,16,54
1996,0.01648980937898159,16,55
8629,0.01597978174686432,16,56
2008,0.015346643514931202,16,57
3236,0.01447549369186163,16,58
2068,0.014259902760386467,16,59
1999,0.014429309405386448,16,60
1996,0.014225058257579803,16,61
7668,0.014643734320998192,16,62
2020,0.015126518905162811,16,63
2919,0.015186822041869164,16,64
1012,0.015833286568522453,16,65
1999,0.04394097253680229,17,0
2257,0.04838800057768822,17,1
2760,0.047218743711709976,17,2
1010,0.04786347225308418,17,3
2382,0.049177609384059906,17,4
1010,0.04824075475335121,17,5
2199,0.04874689504504204,17,6
28520,0.0476197749376297,17,7
22028,0.045763108879327774,17,8
2020,0.0468829981982708,17,9
2741,0.045939117670059204,17,10
1012,0.04614167660474777,17,11
2027,0.04616524279117584,17,12
2020,0.04586159437894821,17,13
6878,0.04912900924682617,17,14
1997,0.04947379603981972,17,15
2108,0.04993516951799393,17,16
1037,0.047717541456222534,17,17
28520,0.046547338366508484,17,18
1010,0.0490768738090992,17,19
1998,0.05017034709453583,17,20
2206,0.0157343577593565,18,0
1037,0.015929995104670525,18,1
2158,0.01564032770693302,18,2
1011,0.01600838080048561,18,3
2081,0.01608329638838768,18,4
2543,0.01597057655453682,18,5
1999,0.01621706597507,18,6
11606,0.01582915522158146,18,7
1010,0.016176482662558556,18,8
2762,0.01607859693467617,18,9
1010,0.016669750213623047,18,10
1037,0.01670071668922901,18,11
2304,0.017104407772421837,18,12
3797,0.01705177128314972,18,13
11846,0.017414571717381477,18,14
7182,0.018340399488806725,18,15
3350,0.017787104472517967,18,16
2000,0.017694637179374695,18,17
2599,0.016584541648626328,18,18
1996,0.016646170988678932,18,19
2610,0.016413496807217598,18,20
2000,0.015506783500313759,18,21
1996,0.015962334349751472,18,22
24912,0.016153454780578613,18,23
2923,0.015856819227337837,18,24
5905,0.016665562987327576,18,25
1997,0.01595173217356205,18,26
4786,0.016452020034193993,18,27
2009,0.016879109665751457,18,28
1012,0.019755123183131218,18,29
2174,0.020920101553201675,18,30
1010,0.02133462205529213,18,31
2009,0.021975046023726463,18,32
2003,0.021883634850382805,18,33
10599,0.02163372002542019,18,34
3251,0.020604724064469337,18,35
2023,0.021155592054128647,18,36
4531,0.019282899796962738,18,37
2001,0.01862572319805622,18,38
1996,0.018514471128582954,18,39
2765,0.017491940408945084,18,40
1997,0.016922032460570335,18,41
1996,0.01674243062734604,18,42
12194,0.016217583790421486,18,43
3396,0.016287030652165413,18,44
2008,0.01657472737133503,18,45
1996,0.016280310228466988,18,46
2610,0.01666165515780449,18,47
3253,0.016867486760020256,18,48
1999,0.016505734995007515,18,49
3863,0.016458481550216675,18,50
2005,0.016302717849612236,18,51
3350,0.016388079151511192,18,52
8800,0.016478344798088074,18,53
2000,0.016348712146282196,18,54
1996,0.0160620529204607,18,55
2553,0.015485462732613087,18,56
1012,0.016735704615712166,18,57
2045,0.014956486411392689,19,0
2001,0.01526630949229002,19,1
1037,0.01564032770693302,19,2
2543,0.01518672239035368,19,3
1999,0.01565909944474697,19,4
11606,0.015581312589347363,19,5
2762,0.01567838154733181,19,6
1012,0.01720750331878662,19,7
2610,0.01838414929807186,19,8
2404,0.01657344028353691,19,9
2041,0.01613936387002468,19,10
1037,0.016131268814206123,19,11
12194,0.015910126268863678,19,12
3396,0.01565241441130638,19,13
2005,0.016054270789027214,19,14
2151,0.01731836050748825,19,15
10247,0.01825103722512722,19,16
2006,0.019133098423480988,19,17
1996,0.019675908610224724,19,18
2553,0.02003531903028488,19,19
1012,0.020560331642627716,19,20
2027,0.020659249275922775,19,21
3092,0.02013365551829338,19,22
2039,0.019554853439331055,19,23
4531,0.019742481410503387,19,24
1037,0.02022789791226387,19,25
2304,0.020449265837669373,19,26
3797,0.02050573006272316,19,27
2008,0.020284848287701607,19,28
2419,0.020293008536100388,19,29
2000,0.020677007734775543,19,30
1996,0.02121143229305744,19,31
12731,0.022190097719430923,19,32
14277,0.02232396975159645,19,33
14778,0.021766429767012596,19,34
1012,0.021310051903128624,19,35
2021,0.02093524858355522,19,36
1010,0.01982971653342247,19,37
2027,0.01991916261613369,19,38
2123,0.01963977701961994,19,39
1005,0.019691064953804016,19,40
1056,0.01968117244541645,19,41
2113,0.019392505288124084,19,42
2065,0.019423287361860275,19,43
1996,0.018697643652558327,19,44
2769,0.01836264878511429,19,45
3271,0.018812529742717743,19,46
2068,0.01966974325478077,19,47
2424,0.019925132393836975,19,48
1996,0.020071005448698997,19,49
2304,0.02028936892747879,19,50
3797,0.020581016317009926,19,51
1012,0.018753837794065475,19,52
1999,0.00930203776806593,20,0
11606,0.010289700701832771,20,1
1010,0.010484673082828522,20,2
2045,0.01078443881124258,20,3
2020,0.010915723629295826,20,4
1037,0.01108698919415474,20,5
2186,0.010540655814111233,20,6
1997,0.010646378621459007,20,7
6997,0.010960361920297146,20,8
2008,0.010399192571640015,20,9
2443,0.010350753553211689,20,10
5255,0.010635064914822578,20,11
11669,0.010379962623119354,20,12
18484,0.01037274394184351,20,13
1998,0.010715978220105171,20,14
13742,0.011309362947940826,20,15
1012,0.011567793786525726,20,16
1996,0.010054878890514374,20,17
12394,0.010097234509885311,20,18
2253,0.009999262169003487,20,19
2039,0.010512087494134903,20,20
2000,0.010422395542263985,20,21
1002,0.0103236623108387,20,22
13741,0.0103545431047678,20,23
1010,0.010358321480453014,20,24
2199,0.01051835436373949,20,25
1012,0.01228645071387291,20,26
1996,0.012071428820490837,20,27
2610,0.012690446339547634,20,28
2134,0.011903977952897549,20,29
1005,0.012034866958856583,20,30
1056,0.011963358148932457,20,31
2424,0.012092208489775658,20,32
2151,0.012208419851958752,20,33
5260,0.01186001393944025,20,34
2127,0.011292161419987679,20,35
2027,0.011179513297975063,20,36
3253,0.01152030285447836,20,37
19054,0.011566942557692528,20,38
1997,0.011257718317210674,20,39
1002,0.011524001136422157,20,40
25961,0.011874444782733917,20,41
2005,0.011561144143342972,20,42
1037,0.012685664929449558,20,43
5955,0.01271169912070036,20,44
1012,0.012780324555933475,20,45
1996,0.012827658094465733,20,46
2069,0.012657987885177135,20,47
6179,0.01282620057463646,20,48
5955,0.012788605876266956,20,49
1996,0.012528498657047749,20,50
2610,0.012861713767051697,20,51
2179,0.012543169781565666,20,52
2001,0.013400916010141373,20,53
1037,0.013538921251893044,20,54
2304,0.014304343611001968,20,55
1056,0.01470707543194294,20,56
1011,0.014296361245214939,20,57
3797,0.014228778891265392,20,58
2008,0.013796200975775719,20,59
2599,0.0139086302369833,20,60
2000,0.013812143355607986,20,61
1996,0.013832837343215942,20,62
6545,0.01436875481158495,20,63
1997,0.014003668911755085,20,64
1037,0.014414255507290363,20,65
4261,0.014949425123631954,20,66
2095,0.014427480287849903,20,67
2214,0.014559930190443993,20,68
2158,0.013816729187965393,20,69
1010,0.013517503626644611,20,70
2348,0.01306543592363596,20,71
2023,0.01289442554116249,20,72
2347,0.012854918837547302,20,73
1005,0.013062698766589165,20,74
1056,0.013267754577100277,20,75
2438,0.012780042365193367,20,76
3350,0.01345404889434576,20,77
2005,0.013553152792155743,20,78
2010,0.013885867781937122,20,79
6545,0.01338670402765274,20,80
1012,0.012429442256689072,20,81
2610,0.013880370184779167,21,0
2020,0.01488888543099165,21,1
2583,0.01468171738088131,21,2
2000,0.014581854455173016,21,3
7523,0.01502454187721014,21,4
1037,0.014849084429442883,21,5
19311,0.014436841011047363,21,6
1997,0.014321437105536461,21,7
12564,0.014454465359449387,21,8
5055,0.014659241773188114,21,9
2008,0.013951820321381092,21,10
2020,0.013801277615129948,21,11
2108,0.01422043051570654,21,12
9687,0.014525871723890305,21,13
17800,0.014505788683891296,21,14
1012,0.014513970352709293,21,15
2044,0.014451077207922935,21,16
4812,0.014371000230312347,21,17
1996,0.014709001407027245,21,18
2610,0.01481582410633564,21,19
2020,0.014682070352137089,21,20
2583,0.014771073125302792,21,21
2000,0.014764105901122093,21,22
6709,0.014975939877331257,21,23
1996,0.01514368411153555,21,24
3614,0.015286769717931747,21,25
2008,0.014680895954370499,21,26
2001,0.014511508867144585,21,27
3625,0.014576694928109646,21,28
2005,0.014562317170202732,21,29
1996,0.014724886044859886,21,30
4126,0.014896770007908344,21,31
1012,0.014356101863086224,21,32
2007,0.014376663602888584,21,33
1996,0.014362587593495846,21,34
2393,0.014793415553867817,21,35
1997,0.014532050117850304,21,36
3239,0.015223406255245209,21,37
9148,0.015637952834367752,21,38
27401,0.015060819685459137,21,39
6115,0.014683669432997704,21,40
1998,0.014591206796467304,21,41
4297,0.015394540503621101,21,42
5644,0.0156870074570179,21,43
27870,0.015781985595822334,21,44
14767,0.01520379725843668,21,45
1999,0.014763819053769112,21,46
1996,0.014842163771390915,21,47
3614,0.016285495832562447,21,48
2372,0.01583949849009514,21,49
1005,0.014453538693487644,21,50
3231,0.015171746723353863,21,51
16339,0.015215281397104263,21,52
15580,0.014798814430832863,21,53
1010,0.014515245333313942,21,54
2009,0.015090921893715858,21,55
2003,0.015149404294788837,21,56
3497,0.015127621591091156,21,57
2008,0.015003063715994358,21,58
1996,0.01591213420033455,21,59
3614,0.017116177827119827,21,60
2266,0.017235415056347847,21,61
2097,0.014639654196798801,21,62
2022,0.014896269887685776,21,63
2179,0.015534487552940845,21,64
5905,0.016018837690353394,21,65
1012,0.01548396609723568,21,66
2048,0.016657382249832153,22,0
3337,0.017661849036812782,22,1
4727,0.01675513945519924,22,2
2005,0.015177073888480663,22,3
1996,0.014275578781962395,22,4
6215,0.014884410426020622,22,5
1997,0.014599734917283058,22,6
1037,0.015259855426847935,22,7
3232,0.015374002046883106,22,8
1005,0.014703275635838509,22,9
1055,0.014406180009245872,22,10
10506,0.01456539612263441,22,11
4048,0.014743713662028313,22,12
3726,0.014769378118216991,22,13
1998,0.014479397796094418,22,14
2037,0.01475969236344099,22,15
3941,0.014940888620913029,22,16
2015,0.014321994036436081,22,17
1010,0.01363786868751049,22,18
4288,0.014164865016937256,22,19
2431,0.014912581071257591,22,20
1037,0.014716779813170433,22,21
2454,0.014192837290465832,22,22
13734,0.014299284666776657,22,23
4786,0.013989281840622425,22,24
2307,0.014263669960200787,22,25
12194,0.014813643880188465,22,26
4053,0.015568134374916553,22,27
1012,0.019318489357829094,22,28
2174,0.020588524639606476,22,29
1010,0.020637759938836098,22,30
2130,0.021053025498986244,22,31
2295,0.021297775208950043,22,32
2027,0.020460186526179314,22,33
2024,0.01904287002980709,22,34
2145,0.019778158515691757,22,35
18464,0.019844595342874527,22,36
1010,0.02003796212375164,22,37
2027,0.02025122381746769,22,38
2024,0.018399810418486595,22,39
5307,0.018051903694868088,22,40
5571,0.018020814284682274,22,41
1997,0.016887933015823364,22,42
2039,0.017522629350423813,22,43
2000,0.01830986887216568,22,44
2702,0.018698684871196747,22,45
2086,0.01842457987368107,22,46
1999,0.01797076128423214,22,47
10219,0.017208157107234,22,48
1998,0.016944896429777145,22,49
5190,0.017415853217244148,22,50
1997,0.016998281702399254,22,51
6363,0.01681000366806984,22,52
1999,0.017362117767333984,22,53
2986,0.0173353161662817,22,54
2065,0.019586943089962006,22,55
2179,0.020494265481829643,22,56
5905,0.0195204745978117,22,57
1012,0.01883232593536377,22,58
1037,0.027678266167640686,23,0
8040,0.02893933281302452,23,1
3286,0.028309712186455727,23,2
5017,0.027247034013271332,23,3
1999,0.02744143083691597,23,4
3577,0.025791967287659645,23,5
3266,0.026139531284570694,23,6
2000,0.026627643033862114,23,7
8040,0.027792848646640778,23,8
3286,0.027244219556450844,23,9
8817,0.028324473649263382,23,10
1997,0.027932923287153244,23,11
6363,0.027997588738799095,23,12
2041,0.028279805555939674,23,13
1997,0.028147170320153236,23,14
2111,0.028272196650505066,23,15
1012,0.03074304386973381,23,16
1996,0.029827171936631203,23,17
8040,0.030691299587488174,23,18
3286,0.030069248750805855,23,19
5017,0.02954002283513546,23,20
2109,0.02982516400516033,23,21
1037,0.029946377500891685,23,22
3696,0.02967788279056549,23,23
2039,0.03002719022333622,23,24
6462,0.028923731297254562,23,25
2000,0.02864447794854641,23,26
2131,0.02821969799697399,23,27
1019,0.028944583609700203,23,28
1003,0.028753463178873062,23,29
2041,0.028829339891672134,23,30
1997,0.028212573379278183,23,31
1996,0.028150618076324463,23,32
5198,0.029361287131905556,23,33
1012,0.02944660559296608,23,34
2048,0.03539695218205452,24,0
3337,0.03488054499030113,24,1
3908,0.03384013846516609,24,2
1037,0.034478187561035156,24,3
10506,0.03368930146098137,24,4
4048,0.0337771475315094,24,5
3726,0.03415369242429733,24,6
2007,0.031623855233192444,24,7
12394,0.03025307133793831,24,8
5366,0.030499929562211037,24,9
1997,0.030849553644657135,24,10
2039,0.03118010237812996,24,11
2000,0.030985170975327492,24,12
3438,0.031240107491612434,24,13
2243,0.029584787786006927,24,14
1012,0.03003760799765587,24,15
2027,0.03273647278547287,24,16
2071,0.03350479528307915,24,17
2227,0.03250151127576828,24,18
21892,0.03217020630836487,24,19
1997,0.03084011748433113,24,20
2039,0.030980253592133522,24,21
2000,0.03228845074772835,24,22
2184,0.033142492175102234,24,23
2243,0.03079468570649624,24,24
2030,0.03323438763618469,24,25
2051,0.032832853496074677,24,26
1999,0.03182629868388176,24,27
18414,0.031334325671195984,24,28
13469,0.03179590404033661,24,29
1012,0.03354706987738609,24,30
2927,0.010513968765735626,25,0
1999,0.00992018822580576,25,1
2258,0.009452355094254017,25,2
2760,0.009827997535467148,25,3
1010,0.009739427827298641,25,4
2045,0.010167655535042286,25,5
2031,0.00972009263932705,25,6
2042,0.010017304681241512,25,7
1037,0.010178270749747753,25,8
2186,0.010102414526045322,25,9
1997,0.010054622776806355,25,10
24912,0.011064060963690281,25,11
6997,0.010447811335325241,25,12
10066,0.010179256089031696,25,13
1999,0.01026073656976223,25,14
2762,0.009961877949535847,25,15
1012,0.011033344082534313,25,16
1996,0.010271675884723663,25,17
4053,0.00981562677770853,25,18
3303,0.009617715142667294,25,19
2011,0.009584857150912285,25,20
2122,0.010332716628909111,25,21
6997,0.010439928621053696,25,22
2031,0.010109093971550465,25,23
18779,0.009962243027985096,25,24
2000,0.00988689810037613,25,25
3053,0.009538073092699051,25,26
1002,0.009531713090837002,25,27
10332,0.010101121850311756,25,28
1010,0.010010089725255966,25,29
2199,0.010055635124444962,25,30
1012,0.011055497452616692,25,31
3728,0.010102534666657448,25,32
1010,0.01002579741179943,25,33
1996,0.010186036117374897,25,34
2610,0.010203437879681587,25,35
2031,0.009993262588977814,25,36
2042,0.010061086155474186,25,37
5378,0.010674879886209965,25,38
19054,0.01063922792673111,25,39
1997,0.01034817285835743,25,40
2039,0.010365231893956661,25,41
2000,0.01050126925110817,25,42
1002,0.010669060051441193,25,43
25961,0.010972851887345314,25,44
2566,0.010996163822710514,25,45
5955,0.011370600201189518,25,46
2445,0.011220949701964855,25,47
1010,0.011435534805059433,25,48
4525,0.011073022149503231,25,49
1999,0.011099348776042461,25,50
2062,0.011918332427740097,25,51
15774,0.012388997711241245,25,52
1012,0.013956601731479168,25,53
2295,0.014235994778573513,25,54
1996,0.01371093187481165,25,55
2610,0.014084036462008953,25,56
2031,0.013388082385063171,25,57
2179,0.013587824068963528,25,58
3056,0.014257678762078285,25,59
3350,0.014277352951467037,25,60
11383,0.014204292558133602,25,61
2028,0.014192965812981129,25,62
2158,0.01363559439778328,25,63
2000,0.013182668946683407,25,64
1996,0.013180544599890709,25,65
6997,0.013126235455274582,25,66
1010,0.013712460175156593,25,67
2027,0.013170981779694557,25,68
2024,0.013257683254778385,25,69
12422,0.013801675289869308,25,70
2065,0.01379130408167839,25,71
2023,0.01383160799741745,25,72
3350,0.013684035278856754,25,73
1011,0.013196012005209923,25,74
1037,0.013227262534201145,25,75
20640,0.013599316589534283,25,76
12599,0.013677510432898998,25,77
3797,0.013864482752978802,25,78
1011,0.013455108739435673,25,79
2003,0.01336177159100771,25,80
2438,0.013453736901283264,25,81
2000,0.013807007111608982,25,82
20462,0.013662494719028473,25,83
2032,0.014093461446464062,25,84
1012,0.013130957260727882,25,85
